dominant_topic_no	topic_contribution_percentage	topic_keyword	id	likes	link	permalink	retweets	timestamp	tweet	tweet_hashtags	tweet_mentions	tweet_pic	username
0.0	0.3251	year, country, china, trade, pay, deal, tariff, money, lose, dollar	982680387116781568	83886		https://twitter.com/realDonaldTrump/status/982680387116781568	19815	1523124180	The United States hasn’t had a Trade Surplus with China in 40 years. They must end unfair trade, take down barriers and charge only Reciprocal Tariffs. The U.S. is losing $500 Billion a year, and has been losing Billions of Dollars for decades. Cannot continue!	[]	[]		realDonaldTrump
0.0	0.3131	year, country, china, trade, pay, deal, tariff, money, lose, dollar	1017288317342224384	72328		https://twitter.com/realDonaldTrump/status/1017288317342224384	15889	1531375380	Presidents have been trying unsuccessfully for years to get Germany and other rich NATO Nations to pay more toward their protection from Russia. They pay only a fraction of their cost. The U.S. pays tens of Billions of Dollars too much to subsidize Europe, and loses Big on Trade!	[]	[]		realDonaldTrump
0.0	0.2983	year, country, china, trade, pay, deal, tariff, money, lose, dollar	1002971013313908738	119917		https://twitter.com/realDonaldTrump/status/1002971013313908738	28562	1527961860	The United States must, at long last, be treated fairly on Trade. If we charge a country ZERO to sell their goods, and they charge us 25, 50 or even 100 percent to sell ours, it is UNFAIR and can no longer be tolerated. That is not Free or Fair Trade, it is Stupid Trade!	[]	[]		realDonaldTrump
0.0	0.2919	year, country, china, trade, pay, deal, tariff, money, lose, dollar	983284198046826496	164737		https://twitter.com/realDonaldTrump/status/983284198046826496	42299	1523268180	When a car is sent to the United States from China, there is a Tariff to be paid of 2 1/2%. When a car is sent to China from the United States, there is a Tariff to be paid of 25%. Does that sound like free or fair trade. No, it sounds like STUPID TRADE - going on for years!	[]	[]		realDonaldTrump
0.0	0.2891	year, country, china, trade, pay, deal, tariff, money, lose, dollar	1127681372896800768	90503		https://twitter.com/realDonaldTrump/status/1127681372896800768	19424	1557695160	We are right where we want to be with China. Remember, they broke the deal with us & tried to renegotiate. We will be taking in Tens of Billions of Dollars in Tariffs from China. Buyers of product can make it themselves in the USA (ideal), or buy it from non-Tariffed countries...	[]	[]		realDonaldTrump
0.0	0.2838	year, country, china, trade, pay, deal, tariff, money, lose, dollar	972585290857672704	92313		https://twitter.com/realDonaldTrump/status/972585290857672704	21429	1520717340	The European Union, wonderful countries who treat the U.S. very badly on trade, are complaining about the tariffs on Steel & Aluminum. If they drop their horrific barriers & tariffs on U.S. products going in, we will likewise drop ours. Big Deficit. If not, we Tax Cars etc. FAIR!	[]	[]		realDonaldTrump
0.0	0.2761	year, country, china, trade, pay, deal, tariff, money, lose, dollar	1127965568747933696	74088		https://twitter.com/realDonaldTrump/status/1127965568747933696	14777	1557762900	...completely avoided if you buy from a non-Tariffed Country, or you buy the product inside the USA (the best idea). That’s Zero Tariffs. Many Tariffed companies will be leaving China for Vietnam and other such countries in Asia. That’s why China wants to make a deal so badly!...	[]	[]		realDonaldTrump
0.0	0.2754	year, country, china, trade, pay, deal, tariff, money, lose, dollar	1003634405036961793	76754		https://twitter.com/realDonaldTrump/status/1003634405036961793	17964	1528120020	Farmers have not been doing well for 15 years. Mexico, Canada, China and others have treated them unfairly. By the time I finish trade talks, that will change. Big trade barriers against U.S. farmers, and other businesses, will finally be broken. Massive trade deficits no longer!	[]	[]		realDonaldTrump
0.0	0.2736	year, country, china, trade, pay, deal, tariff, money, lose, dollar	1004909785547001856	91758		https://twitter.com/realDonaldTrump/status/1004909785547001856	24483	1528424100	Why isn’t the European Union and Canada informing the public that for years they have used massive Trade Tariffs and non-monetary Trade Barriers against the U.S. Totally unfair to our farmers, workers & companies. Take down your tariffs & barriers or we will more than match you!	[]	[]		realDonaldTrump
0.0	0.273	year, country, china, trade, pay, deal, tariff, money, lose, dollar	1079900120047603713	101904		https://twitter.com/realDonaldTrump/status/1079900120047603713	23005	1546303200	MEXICO IS PAYING FOR THE WALL through the many billions of dollars a year that the U.S.A. is saving through the new Trade Deal, the USMCA, that will replace the horrendous NAFTA Trade Deal, which has so badly hurt our Country. Mexico & Canada will also thrive - good for all!	[]	[]		realDonaldTrump
1.0	0.2858	democrat, border, wall, security, dem, stop, mexico, build, include, illegal	1078260814157701121	129033		https://twitter.com/realDonaldTrump/status/1078260814157701121	29182	1545912360	Have the Democrats finally realized that we desperately need Border Security and a Wall on the Southern Border. Need to stop Drugs, Human Trafficking,Gang Members & Criminals from coming into our Country. Do the Dems realize that most of the people not getting paid are Democrats?	[]	[]		realDonaldTrump
1.0	0.2713	democrat, border, wall, security, dem, stop, mexico, build, include, illegal	980766121983987712	83870		https://twitter.com/realDonaldTrump/status/980766121983987712	20546	1522667820	DACA is dead because the Democrats didn’t care or act, and now everyone wants to get onto the DACA bandwagon... No longer works. Must build Wall and secure our borders with proper Border legislation. Democrats want No Borders, hence drugs and crime!	[]	[]		realDonaldTrump
1.0	0.2672	democrat, border, wall, security, dem, stop, mexico, build, include, illegal	1081535102461579264	113476		https://twitter.com/realDonaldTrump/status/1081535102461579264	25731	1546693020	The Democrats could solve the Shutdown problem in a very short period of time. All they have to do is approve REAL Border Security (including a Wall), something which everyone, other than drug dealers, human traffickers and criminals, want very badly! This would be so easy to do!	[]	[]		realDonaldTrump
1.0	0.2628	democrat, border, wall, security, dem, stop, mexico, build, include, illegal	980443810529533952	122130		https://twitter.com/realDonaldTrump/status/980443810529533952	33220	1522590960	Border Patrol Agents are not allowed to properly do their job at the Border because of ridiculous liberal (Democrat) laws like Catch & Release. Getting more dangerous. “Caravans” coming. Republicans must go to Nuclear Option to pass tough laws NOW. NO MORE DACA DEAL!	[]	[]		realDonaldTrump
1.0	0.2622	democrat, border, wall, security, dem, stop, mexico, build, include, illegal	980764358530789380	83373		https://twitter.com/realDonaldTrump/status/980764358530789380	21216	1522667400	...Congress must immediately pass Border Legislation, use Nuclear Option if necessary, to stop the massive inflow of Drugs and People. Border Patrol Agents (and ICE) are GREAT, but the weak Dem laws don’t allow them to do their job. Act now Congress, our country is being stolen!	[]	[]		realDonaldTrump
1.0	0.2602	democrat, border, wall, security, dem, stop, mexico, build, include, illegal	1117218059738079233	112478		https://twitter.com/realDonaldTrump/status/1117218059738079233	31026	1555200480	Democrats must change the Immigration Laws FAST. If not, Sanctuary Cities must immediately ACT to take care of the Illegal Immigrants - and this includes Gang Members, Drug Dealers, Human Traffickers, and Criminals of all shapes, sizes and kinds. CHANGE THE LAWS NOW!	[]	[]		realDonaldTrump
1.0	0.2538	democrat, border, wall, security, dem, stop, mexico, build, include, illegal	980961086546632705	73587		https://twitter.com/realDonaldTrump/status/980961086546632705	18408	1522714320	Honduras, Mexico and many other countries that the U.S. is very generous to, sends many of their people to our country through our WEAK IMMIGRATION POLICIES. Caravans are heading here. Must pass tough laws and build the WALL. Democrats allow open borders, drugs and crime!	[]	[]		realDonaldTrump
1.0	0.2528	democrat, border, wall, security, dem, stop, mexico, build, include, illegal	1042740913968164864	111094		https://twitter.com/realDonaldTrump/status/1042740913968164864	28589	1537443780	I want to know, where is the money for Border Security and the WALL in this ridiculous Spending Bill, and where will it come from after the Midterms? Dems are obstructing Law Enforcement and Border Security. REPUBLICANS MUST FINALLY GET TOUGH!	[]	[]		realDonaldTrump
1.0	0.2516	democrat, border, wall, security, dem, stop, mexico, build, include, illegal	1008709364939677697	94001		https://twitter.com/realDonaldTrump/status/1008709364939677697	21205	1529329980	It is the Democrats fault for being weak and ineffective with Boarder Security and Crime. Tell them to start thinking about the people devastated by Crime coming from illegal immigration. Change the laws!	[]	[]		realDonaldTrump
1.0	0.2511	democrat, border, wall, security, dem, stop, mexico, build, include, illegal	1064245710747590657	144795		https://twitter.com/realDonaldTrump/status/1064245710747590657	36819	1542570900	Catch and Release is an obsolete term. It is now Catch and Detain. Illegal Immigrants trying to come into the U.S.A., often proudly flying the flag of their nation as they ask for U.S. Asylum, will be detained or turned away. Dems must approve Border Security & Wall NOW!	[]	[]		realDonaldTrump
2.0	0.3021	day, north_korea, nation, family, man, world, place, honor, woman, life	964724390637244417	110236	https://instagram.com/p/BfSO1z6gpaB/	https://twitter.com/realDonaldTrump/status/964724390637244417	22237	1518843180	Our entire Nation, w/one heavy heart, continues to pray for the victims & their families in Parkland, FL. To teachers, law enforcement, first responders & medical professionals who responded so bravely in the face of danger: We THANK YOU for your courage!  	[]	[]	pic.twitter.com/ti791dENTy	realDonaldTrump
2.0	0.2984	day, north_korea, nation, family, man, world, place, honor, woman, life	1012757431124930562	56721		https://twitter.com/realDonaldTrump/status/1012757431124930562	11171	1530295140	Before going any further today, I want to address the horrific shooting that took place yesterday at the Capital Gazette newsroom in Annapolis, Maryland. This attack shocked the conscience of our Nation, and filled our hearts with grief...	[]	[]	pic.twitter.com/LALXGhk04b	realDonaldTrump
2.0	0.2929	day, north_korea, nation, family, man, world, place, honor, woman, life	1056299896406450176	100311		https://twitter.com/realDonaldTrump/status/1056299896406450176	22796	1540676460	All of America is in mourning over the mass murder of Jewish Americans at the Tree of Life Synagogue in Pittsburgh. We pray for those who perished and their loved ones, and our hearts go out to the brave police officers who sustained serious injuries...	[]	[]		realDonaldTrump
2.0	0.276	day, north_korea, nation, family, man, world, place, honor, woman, life	1126958457146548225	61159	https://www.pscp.tv/w/b6XgJDFvTlFsTFJub1dwUXd8MXpxS1Zhb3JYbll4QkGzf39NVELPISjQPyS24hUO86OxayYG_LnMuJrF7mgN?t=4s	https://twitter.com/realDonaldTrump/status/1126958457146548225	15683	1557522780	Military spouses share an admirable legacy of unwavering devotion to their loved ones in uniform and to the cause of freedom. On Military Spouse Day, we honor our Nation’s military spouses and express our deep appreciation for all that they do! ...	[]	[]		realDonaldTrump
2.0	0.2672	day, north_korea, nation, family, man, world, place, honor, woman, life	1014306963243532296	85343		https://twitter.com/realDonaldTrump/status/1014306963243532296	18942	1530664560	Tomorrow, families across our Nation will gather to celebrate the Fourth of July. As we do, we will think of the men & women serving overseas at this very moment, far away from their families, protecting America - & we will thank GOD for blessing us with these incredible HEROES!	[]	[]	pic.twitter.com/FQ1D7oEta2	realDonaldTrump
2.0	0.2649	day, north_korea, nation, family, man, world, place, honor, woman, life	997515759281680385	75945		https://twitter.com/realDonaldTrump/status/997515759281680385	16058	1526661240	We grieve for the terrible loss of life, and send our support and love to everyone affected by this horrible attack in Texas. To the students, families, teachers and personnel at Santa Fe High School – we are with you in this tragic hour, and we will be with you forever...	[]	[]	pic.twitter.com/LtJ0D29Hsv	realDonaldTrump
2.0	0.2628	day, north_korea, nation, family, man, world, place, honor, woman, life	1063170699500642304	71912		https://twitter.com/realDonaldTrump/status/1063170699500642304	16936	1542314580	It is our sacred duty to support America’s Service Members every single day they wear the uniform – and every day after when they return home as Veterans. Together we will HONOR those who defend us, we will CHERISH those who protect us, and we will celebrate the amazing heroes...	[]	[]	pic.twitter.com/kovcIj4fwU	realDonaldTrump
2.0	0.2612	day, north_korea, nation, family, man, world, place, honor, woman, life	1001149367271686145	49388		https://twitter.com/realDonaldTrump/status/1001149367271686145	9998	1527527580	Thank you for joining us on this solemn day of remembrance. We are gathered here on the sacred soil of  @ArlingtonNatl Cemetery to honor the lives and deeds of America's greatest heroes, the men and women who laid down their lives for our freedom.  #MemorialDay	['MemorialDay']	['ArlingtonNatl']	pic.twitter.com/YSYAHf7bNu	realDonaldTrump
2.0	0.2597	day, north_korea, nation, family, man, world, place, honor, woman, life	957334999522533376	99743	http://45.wh.gov/EnM9Dn	https://twitter.com/realDonaldTrump/status/957334999522533376	22977	1517081400	On Holocaust Remembrance Day we mourn and grieve the murder of 6 million innocent Jewish men, women and children, and the millions of others who perished in the evil Nazi Genocide. We pledge with all of our might and resolve: Never Again!  	[]	[]	pic.twitter.com/25W0SZHTOu	realDonaldTrump
2.0	0.256	day, north_korea, nation, family, man, world, place, honor, woman, life	1049373138130280449	68368		https://twitter.com/realDonaldTrump/status/1049373138130280449	15079	1539025020	America’s police officers have earned the everlasting gratitude of our Nation. In moments of danger & despair you are the reason we never lose hope – because there are men & women in uniform who face down evil & stand for all that is GOOD and JUST and DECENT and RIGHT!  #IACP2018	['IACP2018']	[]	pic.twitter.com/N0Dq50DkbP	realDonaldTrump
3.0	0.3224	collusion, fbi, russia, campaign, witch_hunt, total, start, fire, russian, lie	1087740160559730689	103825		https://twitter.com/realDonaldTrump/status/1087740160559730689	29760	1548172380	Former FBI top lawyer James Baker just admitted involvement in FISA Warrant and further admitted there were IRREGULARITIES in the way the Russia probe was handled. They relied heavily on the unverified Trump “Dossier” paid for by the DNC & Clinton Campaign, & funded through a...	[]	[]		realDonaldTrump
3.0	0.3088	collusion, fbi, russia, campaign, witch_hunt, total, start, fire, russian, lie	1089156621002002432	149727		https://twitter.com/realDonaldTrump/status/1089156621002002432	42823	1548510120	If Roger Stone was indicted for lying to Congress, what about the lying done by Comey, Brennan, Clapper, Lisa Page & lover, Baker and soooo many others? What about Hillary to FBI and her 33,000 deleted Emails? What about Lisa & Peter’s deleted texts & Wiener’s laptop? Much more!	[]	[]		realDonaldTrump
3.0	0.3023	collusion, fbi, russia, campaign, witch_hunt, total, start, fire, russian, lie	1079040052234203141	111807		https://twitter.com/realDonaldTrump/status/1079040052234203141	31289	1546098120	The Mueller Angry Democrats recently deleted approximately 19,000 Text messages between FBI Agent Lisa Page and her lover, Agent Peter S. These Texts were asked for and INVALUABLE to the truth of the Witch Hunt Hoax. This is a total Obstruction of Justice. All Texts Demanded!	[]	[]		realDonaldTrump
3.0	0.2978	collusion, fbi, russia, campaign, witch_hunt, total, start, fire, russian, lie	1021351630648815616	70975		https://twitter.com/realDonaldTrump/status/1021351630648815616	18047	1532344140	.....”Carter Page wasn’t a spy, wasn’t an agent of the Russians - he would have cooperated with the FBI. It was a fraud and a hoax designed to target Trump.” Tom Fitton  @JudicialWatch A disgrace to America. They should drop the discredited Mueller Witch Hunt now!	[]	['JudicialWatch']		realDonaldTrump
3.0	0.2956	collusion, fbi, russia, campaign, witch_hunt, total, start, fire, russian, lie	1071015457409384453	83395		https://twitter.com/realDonaldTrump/status/1071015457409384453	20514	1544184900	...the lying and leaking by the people doing the Report, & also Bruce Ohr (and his lovely wife Molly), Comey, Brennan, Clapper, & all of the many fired people of the FBI, be listed in the Report? Will the corruption within the DNC & Clinton Campaign be exposed?..And so much more!	[]	[]		realDonaldTrump
3.0	0.2923	collusion, fbi, russia, campaign, witch_hunt, total, start, fire, russian, lie	1029352395464224769	91806		https://twitter.com/realDonaldTrump/status/1029352395464224769	22160	1534251660	Fired FBI Agent Peter Strzok is a fraud, as is the rigged investigation he started. There was no Collusion or Obstruction with Russia, and everybody, including the Democrats, know it. The only Collusion and Obstruction was by Crooked Hillary, the Democrats and the DNC!	[]	[]		realDonaldTrump
3.0	0.2894	collusion, fbi, russia, campaign, witch_hunt, total, start, fire, russian, lie	1024656465158721536	80717		https://twitter.com/realDonaldTrump/status/1024656465158721536	20790	1533132060	Russian Collusion with the Trump Campaign, one of the most successful in history, is a TOTAL HOAX. The Democrats paid for the phony and discredited Dossier which was, along with Comey, McCabe, Strzok and his lover, the lovely Lisa Page, used to begin the Witch Hunt. Disgraceful!	[]	[]		realDonaldTrump
3.0	0.2838	collusion, fbi, russia, campaign, witch_hunt, total, start, fire, russian, lie	1052217314463100928	45011		https://twitter.com/realDonaldTrump/status/1052217314463100928	12334	1539703080	“Conflict between Glen Simpson’s testimony to another House Panel about his contact with Justice Department official Bruce Ohr. Ohr was used by Simpson and Steele as a Back Channel to get (FAKE) Dossier to FBI. Simpson pleading Fifth.” Catherine Herridge. Where is Jeff Sessions?	[]	[]		realDonaldTrump
3.0	0.2817	collusion, fbi, russia, campaign, witch_hunt, total, start, fire, russian, lie	1093847784573280256	85987		https://twitter.com/realDonaldTrump/status/1093847784573280256	21806	1549628580	Not only did Senator Burr’s Committee find No Collusion by the Trump Campaign and Russia, it’s important because they interviewed 200 witnesses and 300,000 pages of documents, & the Committee has direct access to intelligence information that’s Classified.  @GreggJarrett	[]	['GreggJarrett']		realDonaldTrump
3.0	0.2792	collusion, fbi, russia, campaign, witch_hunt, total, start, fire, russian, lie	1067576713859817472	106911		https://twitter.com/realDonaldTrump/status/1067576713859817472	29283	1543365060	The Mueller Witch Hunt is a total disgrace. They are looking at supposedly stolen Crooked Hillary Clinton Emails (even though they don’t want to look at the DNC Server), but have no interest in the Emails that Hillary DELETED & acid washed AFTER getting a Congressional Subpoena!	[]	[]		realDonaldTrump
4.0	0.2838	make, good, thing, happen, bad, call, foxnew, show, put, give	1087892911734382592	117443		https://twitter.com/realDonaldTrump/status/1087892911734382592	27880	1548208800	Deroy Murdock, National Review: “We are now exporting oil, which is the first time in my lifetime - we are right now the largest producer of oil and gas. This is not good if you’re Vladimir Putin where your chief export is oil. W.H. Agent - Not good for Kremlin.”  @TuckerCarlson	[]	['TuckerCarlson']		realDonaldTrump
4.0	0.2371	make, good, thing, happen, bad, call, foxnew, show, put, give	1120320642686038016	76502		https://twitter.com/realDonaldTrump/status/1120320642686038016	23148	1555940220	Saudi Arabia and others in OPEC will more than make up the Oil Flow difference in our now Full Sanctions on Iranian Oil. Iran is being given VERY BAD advice by  @JohnKerry and people who helped him lead the U.S. into the very bad Iran Nuclear Deal. Big violation of Logan Act?	[]	['JohnKerry']		realDonaldTrump
4.0	0.2062	make, good, thing, happen, bad, call, foxnew, show, put, give	1100015815515082752	101156		https://twitter.com/realDonaldTrump/status/1100015815515082752	23064	1551099180	Former Senator Harry Reid (he got thrown out) is working hard to put a good spin on his failed career. He led through lies and deception, only to be replaced by another beauty, Cryin’ Chuck Schumer. Some things just never change!	[]	[]		realDonaldTrump
4.0	0.2062	make, good, thing, happen, bad, call, foxnew, show, put, give	1001848460881035265	153399		https://twitter.com/realDonaldTrump/status/1001848460881035265	40953	1527694260	Bob Iger of ABC called Valerie Jarrett to let her know that “ABC does not tolerate comments like those” made by Roseanne Barr. Gee, he never called President Donald J. Trump to apologize for the HORRIBLE statements made and said about me on ABC. Maybe I just didn’t get the call?	[]	[]		realDonaldTrump
4.0	0.206	make, good, thing, happen, bad, call, foxnew, show, put, give	1013023608040513537	145793		https://twitter.com/realDonaldTrump/status/1013023608040513537	37960	1530358620	Just spoke to King Salman of Saudi Arabia and explained to him that, because of the turmoil & disfunction in Iran and Venezuela, I am asking that Saudi Arabia increase oil production, maybe up to 2,000,000 barrels, to make up the difference...Prices to high! He has agreed!	[]	[]		realDonaldTrump
4.0	0.2038	make, good, thing, happen, bad, call, foxnew, show, put, give	973187513731944448	51915		https://twitter.com/realDonaldTrump/status/973187513731944448	9847	1520860920	....On 18 to 21 Age Limits, watching court cases and rulings before acting. States are making this decision. Things are moving rapidly on this, but not much political support (to put it mildly).	[]	[]		realDonaldTrump
4.0	0.1921	make, good, thing, happen, bad, call, foxnew, show, put, give	1073269881334849536	76890		https://twitter.com/realDonaldTrump/status/1073269881334849536	18888	1544722440	If it was a Conservative that said what “crazed” Mika Brzezinski stated on her show yesterday, using a certain horrible term, that person would be banned permanently from television....	[]	[]		realDonaldTrump
4.0	0.1883	make, good, thing, happen, bad, call, foxnew, show, put, give	1069613383622803456	72153		https://twitter.com/realDonaldTrump/status/1069613383622803456	17327	1543850640	“Michael Cohen asks judge for no Prison Time.” You mean he can do all of the TERRIBLE, unrelated to Trump, things having to do with fraud, big loans, Taxis, etc., and not serve a long prison term? He makes up stories to get a GREAT & ALREADY reduced deal for himself, and get.....	[]	[]		realDonaldTrump
4.0	0.1872	make, good, thing, happen, bad, call, foxnew, show, put, give	976532956557737984	120886		https://twitter.com/realDonaldTrump/status/976532956557737984	26344	1521658560	I called President Putin of Russia to congratulate him on his election victory (in past, Obama called him also). The Fake News Media is crazed because they wanted me to excoriate him. They are wrong! Getting along with Russia (and others) is a good thing, not a bad thing.......	[]	[]		realDonaldTrump
4.0	0.1862	make, good, thing, happen, bad, call, foxnew, show, put, give	1021007656511852544	113352		https://twitter.com/realDonaldTrump/status/1021007656511852544	31701	1532262120	Andrew McCarthy - “I said this could never happen. This is so bad that they should be looking at the judges who signed off on this stuff, not just the people who gave it. It is so bad it screams out at you.” On the whole FISA scam which led to the rigged Mueller Witch Hunt!	[]	[]		realDonaldTrump
5.0	0.2768	time, fake_news, medium, story, report, fact, bad, news, fake, book	1083207607412760576	123268		https://twitter.com/realDonaldTrump/status/1083207607412760576	30663	1547091780	The Mainstream Media has NEVER been more dishonest than it is now. NBC and MSNBC are going Crazy. They report stories, purposely, the exact opposite of the facts. They are truly the Opposition Party working with the Dems. May even be worse than Fake News CNN, if that is possible!	[]	[]		realDonaldTrump
5.0	0.2711	time, fake_news, medium, story, report, fact, bad, news, fake, book	981117684489379840	80210		https://twitter.com/realDonaldTrump/status/981117684489379840	18980	1522751640	The Fake News Networks, those that knowingly have a sick and biased AGENDA, are worried about the competition and quality of Sinclair Broadcast. The “Fakers” at CNN, NBC, ABC & CBS have done so much dishonest reporting that they should only be allowed to get awards for fiction!	[]	[]		realDonaldTrump
5.0	0.2649	time, fake_news, medium, story, report, fact, bad, news, fake, book	1124653429366906882	94871		https://twitter.com/realDonaldTrump/status/1124653429366906882	27472	1556973240	When will the Radical Left Wing Media apologize to me for knowingly getting the Russia Collusion Delusion story so wrong? The real story is about to happen! Why is  @nytimes,  @washingtonpost,  @CNN,  @MSNBC allowed to be on Twitter & Facebook. Much of what they do is FAKE NEWS!	[]	['nytimes', 'washingtonpost', 'CNN', 'MSNBC']		realDonaldTrump
5.0	0.2574	time, fake_news, medium, story, report, fact, bad, news, fake, book	1029183344397955074	63018		https://twitter.com/realDonaldTrump/status/1029183344397955074	14961	1534211400	.  @MarkBurnettTV called to say that there are NO TAPES of the Apprentice where I used such a terrible and disgusting word as attributed by Wacky and Deranged Omarosa. I don’t have that word in my vocabulary, and never have. She made it up. Look at her MANY recent quotes saying....	[]	['MarkBurnettTV']		realDonaldTrump
5.0	0.2565	time, fake_news, medium, story, report, fact, bad, news, fake, book	1035131133997068288	72987		https://twitter.com/realDonaldTrump/status/1035131133997068288	17078	1535629440	Ivanka Trump & Jared Kushner had NOTHING to do with the so called “pushing out” of Don McGahn.The Fake News Media has it, purposely,so wrong! They love to portray chaos in the White House when they know that chaos doesn’t exist-just a “smooth running machine” with changing parts!	[]	[]		realDonaldTrump
5.0	0.2564	time, fake_news, medium, story, report, fact, bad, news, fake, book	1057059603605831680	117571		https://twitter.com/realDonaldTrump/status/1057059603605831680	32304	1540857600	CNN and others in the Fake News Business keep purposely and inaccurately reporting that I said the “Media is the Enemy of the People.” Wrong! I said that the “Fake News (Media) is the Enemy of the People,” a very big difference. When you give out false information - not good!	[]	[]		realDonaldTrump
5.0	0.256	time, fake_news, medium, story, report, fact, bad, news, fake, book	1034456273306243076	90239		https://twitter.com/realDonaldTrump/status/1034456273306243076	25415	1535468520	Google search results for “Trump News” shows only the viewing/reporting of Fake News Media. In other words, they have it RIGGED, for me & others, so that almost all stories & news is BAD. Fake CNN is prominent. Republican/Conservative & Fair Media is shut out. Illegal? 96% of....	[]	[]		realDonaldTrump
5.0	0.2543	time, fake_news, medium, story, report, fact, bad, news, fake, book	1057063101189836801	89921		https://twitter.com/realDonaldTrump/status/1057063101189836801	24060	1540858440	Check out tweets from last two days. I refer to Fake News Media when mentioning Enemy of the People - but dishonest reporters use only the word “Media.” The people of our Great Country are angry and disillusioned at receiving so much Fake News. They get it, and fully understand!	[]	[]		realDonaldTrump
5.0	0.2511	time, fake_news, medium, story, report, fact, bad, news, fake, book	1039111866956566528	72434		https://twitter.com/realDonaldTrump/status/1039111866956566528	15804	1536578520	The Woodward book is a Joke - just another assault against me, in a barrage of assaults, using now disproven unnamed and anonymous sources. Many have already come forward to say the quotes by them, like the book, are fiction. Dems can’t stand losing. I’ll write the real book!	[]	[]		realDonaldTrump
5.0	0.2511	time, fake_news, medium, story, report, fact, bad, news, fake, book	982950739441004544	75138		https://twitter.com/realDonaldTrump/status/982950739441004544	18300	1523188680	The Washington Post is far more fiction than fact. Story after story is made up garbage - more like a poorly written novel than good reporting. Always quoting sources (not names), many of which don’t exist. Story on John Kelly isn’t true, just another hit job!	[]	[]		realDonaldTrump
6.0	0.2118	country, make, america, back, long, end, meeting, talk, leave, fight	1082484663216730113	147701		https://twitter.com/realDonaldTrump/status/1082484663216730113	31296	1546919400	Endless Wars, especially those which are fought out of judgement mistakes that were made many years ago, & those where we are getting little financial or military help from the rich countries that so greatly benefit from what we are doing, will eventually come to a glorious end!	[]	[]		realDonaldTrump
6.0	0.1986	country, make, america, back, long, end, meeting, talk, leave, fight	1067812811068383232	110667		https://twitter.com/realDonaldTrump/status/1067812811068383232	25964	1543421340	Steel Dynamics announced that it will build a brand new 3 million ton steel mill in the Southwest that will create 600 good-paying U.S. JOBS. Steel JOBS are coming back to America, just like I predicted. Congratulations to Steel Dynamics!	[]	[]		realDonaldTrump
6.0	0.1977	country, make, america, back, long, end, meeting, talk, leave, fight	1071454998414921728	145996		https://twitter.com/realDonaldTrump/status/1071454998414921728	36934	1544289720	Very sad day & night in Paris. Maybe it’s time to end the ridiculous and extremely expensive Paris Agreement and return money back to the people in the form of lower taxes? The U.S. was way ahead of the curve on that and the only major country where emissions went down last year!	[]	[]		realDonaldTrump
6.0	0.1976	country, make, america, back, long, end, meeting, talk, leave, fight	971915531346436096	160855		https://twitter.com/realDonaldTrump/status/971915531346436096	40350	1520557680	Kim Jong Un talked about denuclearization with the South Korean Representatives, not just a freeze. Also, no missile testing by North Korea during this period of time. Great progress being made but sanctions will remain until an agreement is reached. Meeting being planned!	[]	[]		realDonaldTrump
6.0	0.1943	country, make, america, back, long, end, meeting, talk, leave, fight	1087051223310712832	100541		https://twitter.com/realDonaldTrump/status/1087051223310712832	22692	1548008160	The Media is not giving us credit for the tremendous progress we have made with North Korea. Think of where we were at the end of the Obama Administration compared to now. Great meeting this week with top Reps. Looking forward to meeting with Chairman Kim at end of February!	[]	[]		realDonaldTrump
6.0	0.1931	country, make, america, back, long, end, meeting, talk, leave, fight	1090954907593646081	67401		https://twitter.com/realDonaldTrump/status/1090954907593646081	13296	1548938880	....meeting with their top leaders and representatives today in the Oval Office. No final deal will be made until my friend President Xi, and I, meet in the near future to discuss and agree on some of the long standing and more difficult points. Very comprehensive transaction....	[]	[]		realDonaldTrump
6.0	0.1928	country, make, america, back, long, end, meeting, talk, leave, fight	1076926760829243392	92068		https://twitter.com/realDonaldTrump/status/1076926760829243392	21846	1545594300	We signed two pieces of major legislation this week, Criminal Justice Reform and the Farm Bill. These are two Big Deals, but all the Fake News Media wants to talk about is “the mistake” of bringing our young people back home from the Never Ending Wars. It all began 19 years ago!	[]	[]		realDonaldTrump
6.0	0.1901	country, make, america, back, long, end, meeting, talk, leave, fight	1130525604976168960	66114		https://twitter.com/realDonaldTrump/status/1130525604976168960	16250	1558373280	On this Cuban Independence Day, we stand by the people of Cuba in their quest for freedom, democracy and prosperity. The Cuban regime must end its repression of Cubans & Venezuelans. The United States will not stand idly by as Cuba continues to subvert democracy in the Americas!	[]	[]		realDonaldTrump
6.0	0.1883	country, make, america, back, long, end, meeting, talk, leave, fight	1077705232665272321	242676		https://twitter.com/realDonaldTrump/status/1077705232665272321	44076	1545779880	I hope everyone, even the Fake News Media, is having a great Christmas! Our Country is doing very well. We are securing our Borders, making great new Trade Deals, and bringing our Troops Back Home. We are finally putting America First. MERRY CHRISTMAS!  #MAGA	['MAGA']	[]		realDonaldTrump
6.0	0.187	country, make, america, back, long, end, meeting, talk, leave, fight	1124064507930849291	67669	https://twitter.com/U_S_Steel/status/1123939623355518976	https://twitter.com/realDonaldTrump/status/1124064507930849291	18660	1556832780	Congrats to  @U_S_Steel for investing $1+ BILLION in America's most INNOVATIVE steel mill. 232 Tariffs make Pennsylvania and USA more prosperous/secure by bringing Steel and Aluminum industries BACK. Tariffs are working. Pittsburgh is again The Steel City. USA Economy is BOOMING! ...	[]	['U_S_Steel']		realDonaldTrump
7.0	0.276	big, maga, state, florida, tonight, honor, speak, stand, whitehouse, look_forward	1082648785312976896	131301		https://twitter.com/realDonaldTrump/status/1082648785312976896	19918	1546958520	Congratulations to a truly great football team, the Clemson Tigers, on an incredible win last night against a powerful Alabama team. A big win also for the Great State of South Carolina. Look forward to seeing the team, and their brilliant coach, for the second time at the W.H.	[]	[]		realDonaldTrump
7.0	0.2658	big, maga, state, florida, tonight, honor, speak, stand, whitehouse, look_forward	1039291783031734273	90880		https://twitter.com/realDonaldTrump/status/1039291783031734273	20668	1536621420	My people just informed me that this is one of the worst storms to hit the East Coast in many years. Also, looking like a direct hit on North Carolina, South Carolina and Virginia. Please be prepared, be careful and be SAFE!	[]	[]		realDonaldTrump
7.0	0.2655	big, maga, state, florida, tonight, honor, speak, stand, whitehouse, look_forward	1083861205549232128	92091		https://twitter.com/realDonaldTrump/status/1083861205549232128	16136	1547247600	I look forward to hosting, right out of the great State of South Carolina, the 2019 NCAA Football Champion Clemson Tigers at the White House on Monday, January 14th. What a game, what a coach, what a team!	[]	[]		realDonaldTrump
7.0	0.2591	big, maga, state, florida, tonight, honor, speak, stand, whitehouse, look_forward	1039235839333679105	76156		https://twitter.com/realDonaldTrump/status/1039235839333679105	16683	1536608100	The Storms in the Atlantic are very dangerous. We encourage anyone in the path of these storms to prepare themselves and to heed the warnings of State and Local officials. The Federal Government is closely monitoring and ready to assist. We are with you!	[]	[]		realDonaldTrump
7.0	0.2449	big, maga, state, florida, tonight, honor, speak, stand, whitehouse, look_forward	1084883995886800896	62120	https://twitter.com/FarmBureau/status/1084835531572301829	https://twitter.com/realDonaldTrump/status/1084883995886800896	12119	1547491440	Getting ready to go on stage at the  #AFBF100 in New Orleans - packed house! I will try and match the great game played yesterday by the New Orleans Saints and their incredible QB, Drew Brees. People here are very excited by the team. Going on stage now! ...	['AFBF100']	[]		realDonaldTrump
7.0	0.2346	big, maga, state, florida, tonight, honor, speak, stand, whitehouse, look_forward	1126264006988181505	48803		https://twitter.com/realDonaldTrump/status/1126264006988181505	9593	1557357180	Just landed in Panama City Beach, Florida for a rally beginning at 8:00 P.M. Eastern. Will be live on  @FoxNews!  #MAGA  @tuckercarlson  @seanhannity	['MAGA']	['FoxNews', 'tuckercarlson', 'seanhannity']		realDonaldTrump
7.0	0.2268	big, maga, state, florida, tonight, honor, speak, stand, whitehouse, look_forward	1039292858715578374	65884		https://twitter.com/realDonaldTrump/status/1039292858715578374	13972	1536621660	Just had calls with South Carolina Governor Henry McMaster, North Carolina Governor Roy Cooper, and Virginia Governor Ralph Northam regarding the incoming storm. Federal Government stands by, ready to assist 24/7.	[]	[]		realDonaldTrump
7.0	0.2258	big, maga, state, florida, tonight, honor, speak, stand, whitehouse, look_forward	1049692727582048258	43555	http://ready.gov	https://twitter.com/realDonaldTrump/status/1049692727582048258	10694	1539101220	FLORIDA - It is imperative that you heed the directions of your State and Local Officials. Please be prepared, be careful and be SAFE!  #HurricaneMichael  	['HurricaneMichael']	[]	pic.twitter.com/aKmaDNgZve	realDonaldTrump
7.0	0.2255	big, maga, state, florida, tonight, honor, speak, stand, whitehouse, look_forward	1059618041716228096	57375	http://Vote.GOP	https://twitter.com/realDonaldTrump/status/1059618041716228096	14939	1541467560	Massive crowd inside and outside the Allen County War Memorial Coliseum in Fort Wayne, Indiana! Thank you for joining us tonight - and make sure you get out and   tomorrow!	[]	[]	pic.twitter.com/8APMivyM0x	realDonaldTrump
7.0	0.2238	big, maga, state, florida, tonight, honor, speak, stand, whitehouse, look_forward	972209197935980544	50199		https://twitter.com/realDonaldTrump/status/972209197935980544	11065	1520627700	Look forward to being in Pennsylvania tomorrow in support of Rick  @Saccone4PA18. Big crowd expected in Moon Township. Vote Rick and see you there!  #MAGA	['MAGA']	['Saccone4PA18']		realDonaldTrump
8.0	0.3316	vote, win, strong, republican, crime, love, state, big, run, senate	1124398008223895554	64779		https://twitter.com/realDonaldTrump/status/1124398008223895554	16583	1556912340	Fred Keller of the Great State of Pennsylvania has been an outstanding State Rep. Now he is running as the Republican Nominee for Congress, and has my Complete and Total Endorsement. Strong on Crime, Second Amendment, Military, Vets, and Healthcare. He will do a fantastic job!	[]	[]		realDonaldTrump
8.0	0.3167	vote, win, strong, republican, crime, love, state, big, run, senate	1034663158357655552	65507		https://twitter.com/realDonaldTrump/status/1034663158357655552	13765	1535517840	Martha McSally, running in the Arizona Primary for U.S. Senate, was endorsed by rejected Senator Jeff Flake....and turned it down - a first! Now Martha, a great U.S. Military fighter jet pilot and highly respected member of Congress, WINS BIG. Congratulations, and on to November!	[]	[]		realDonaldTrump
8.0	0.3137	vote, win, strong, republican, crime, love, state, big, run, senate	1051168800324931584	69561		https://twitter.com/realDonaldTrump/status/1051168800324931584	14994	1539453120	Heading to the Great State of Kentucky - Big Rally for Congressman Andy Barr - Fantastic guy, need his vote for MAGA! Strong on Crime, Tax Cuts, Military, Vets & 2nd A. His opponent will NEVER vote for us, only for Pelosi. Andy has my Strongest Endorsement!!! See you in Kentucky.	[]	[]		realDonaldTrump
8.0	0.3062	vote, win, strong, republican, crime, love, state, big, run, senate	1022936690267176971	68553		https://twitter.com/realDonaldTrump/status/1022936690267176971	16161	1532722080	Congressman David Kustoff has been a champion for the Trump Agenda - I greatly appreciate his support. David is strong on crime and borders, loves our Military, Vets and Second Amendment. Get out and vote for David on Thursday, August 2nd. He has my full and total Endorsement!	[]	[]		realDonaldTrump
8.0	0.3014	vote, win, strong, republican, crime, love, state, big, run, senate	1024341376509599745	53509		https://twitter.com/realDonaldTrump/status/1024341376509599745	12285	1533056940	Congressman David Kustoff has been a champion for the Trump Agenda - I greatly appreciate his support. David is strong on crime and borders, loves our Military, Vets and Second Amendment. Get out and vote for David on Thursday, August 2nd. He has my Full and Total Endorsement!	[]	[]		realDonaldTrump
8.0	0.2951	vote, win, strong, republican, crime, love, state, big, run, senate	1026495277824401408	72582		https://twitter.com/realDonaldTrump/status/1026495277824401408	16870	1533570480	Kris Kobach, a strong and early supporter of mine, is running for Governor of the Great State of Kansas. He is a fantastic guy who loves his State and our Country - he will be a GREAT Governor and has my full & total Endorsement! Strong on Crime, Border & Military. VOTE TUESDAY!	[]	[]		realDonaldTrump
8.0	0.2936	vote, win, strong, republican, crime, love, state, big, run, senate	962784821389996033	90194		https://twitter.com/realDonaldTrump/status/962784821389996033	21602	1518380760	Rep. Lou Barletta, a Great Republican from Pennsylvania who was one of my very earliest supporters, will make a FANTASTIC Senator. He is strong & smart, loves Pennsylvania & loves our Country! Voted for Tax Cuts, unlike Bob Casey, who listened to Tax Hikers Pelosi and Schumer!	[]	[]		realDonaldTrump
8.0	0.2884	vote, win, strong, republican, crime, love, state, big, run, senate	1034128943480299521	69192		https://twitter.com/realDonaldTrump/status/1034128943480299521	17222	1535390520	Governor Doug Ducey of Arizona is doing a great job. It would be really nice to show your support tomorrow by voting for him in Tuesdays Primary. Doug is strong on Crime, the Border, and our Second Amendment. Loves our Military & our Vets. He has my full and complete Endorsement.	[]	[]		realDonaldTrump
8.0	0.284	vote, win, strong, republican, crime, love, state, big, run, senate	1034785759377727490	58358		https://twitter.com/realDonaldTrump/status/1034785759377727490	12956	1535547120	Martha McSally is an extraordinary woman. She was a very talented fighter jet pilot and is now a highly respected member of Congress. She is Strong on Crime, the Border and our under siege 2nd Amendment. Loves our Military and our Vets. Has my total and complete Endorsement!	[]	[]		realDonaldTrump
8.0	0.284	vote, win, strong, republican, crime, love, state, big, run, senate	1051166436029358081	88116		https://twitter.com/realDonaldTrump/status/1051166436029358081	25080	1539452580	Highly respected Congressman Keith Rothfus (R) of Pennsylvania is in the fight of his life because the Dems changed the District Map. He must win. Strong on crime, borders, big tax & reg cuts, Military & Vets. Opponent Lamb a Pelosi puppet-weak on crime. BIG ENDORSEMENT FOR KEITH	[]	[]		realDonaldTrump
9.0	0.2543	president, work, election, hard, give, obama, justice, foxandfriend, political, important	991669454823141376	63188		https://twitter.com/realDonaldTrump/status/991669454823141376	15704	1525267380	“The questions are an intrusion into the President’s Article 2 powers under the Constitution to fire any Executive Branch Employee...what the President was thinking is an outrageous.....as to the President’s unfettered power to fire anyone...” Joe Digenova, former US Attorney	[]	[]		realDonaldTrump
9.0	0.2253	president, work, election, hard, give, obama, justice, foxandfriend, political, important	1061104224090628097	73438		https://twitter.com/realDonaldTrump/status/1061104224090628097	17298	1541821920	Matthew G. Whitaker is a highly respected former U.S. Attorney from Iowa. He was chosen by Jeff Sessions to be his Chief of Staff. I did not know Mr. Whitaker. Likewise, as Chief, I did not know Mr. Whitaker except primarily as he traveled with A.G. Sessions. No social contact...	[]	[]		realDonaldTrump
9.0	0.2141	president, work, election, hard, give, obama, justice, foxandfriend, political, important	1071408938522996741	70211		https://twitter.com/realDonaldTrump/status/1071408938522996741	14128	1544278740	I am pleased to announce my nomination of four-star General Mark Milley, Chief of Staff of the United States Army – as the Chairman of the Joint Chiefs of Staff, replacing General Joe Dunford, who will be retiring....	[]	[]		realDonaldTrump
9.0	0.2028	president, work, election, hard, give, obama, justice, foxandfriend, political, important	977286489410240514	76484		https://twitter.com/realDonaldTrump/status/977286489410240514	15312	1521838200	Obama Administration legalized bump stocks. BAD IDEA. As I promised, today the Department of Justice will issue the rule banning BUMP STOCKS with a mandated comment period. We will BAN all devices that turn legal weapons into illegal machine guns.	[]	[]		realDonaldTrump
9.0	0.1943	president, work, election, hard, give, obama, justice, foxandfriend, political, important	1060256619383193601	116720		https://twitter.com/realDonaldTrump/status/1060256619383193601	27935	1541619840	We are pleased to announce that Matthew G. Whitaker, Chief of Staff to Attorney General Jeff Sessions at the Department of Justice, will become our new Acting Attorney General of the United States. He will serve our Country well....	[]	[]		realDonaldTrump
9.0	0.1919	president, work, election, hard, give, obama, justice, foxandfriend, political, important	1071076077903040513	74481		https://twitter.com/realDonaldTrump/status/1071076077903040513	15070	1544199360	I am pleased to announce that Heather Nauert, Spokeswoman for the United States Department of State, will be nominated to serve as United Nations Ambassador. I want to congratulate Heather, and thank Ambassador Nikki Haley for her great service to our Country!	[]	[]		realDonaldTrump
9.0	0.1829	president, work, election, hard, give, obama, justice, foxandfriend, political, important	999984495179726848	88183		https://twitter.com/realDonaldTrump/status/999984495179726848	21228	1527249840	Can anyone even imagine having Spies placed in a competing campaign, by the people and party in absolute power, for the sole purpose of political advantage and gain? And to think that the party in question, even with the expenditure of far more money, LOST!	[]	[]		realDonaldTrump
9.0	0.1826	president, work, election, hard, give, obama, justice, foxandfriend, political, important	1033334753003536384	72622		https://twitter.com/realDonaldTrump/status/1033334753003536384	16892	1535201160	.  @LindseyGrahamSC “Every President deserves an Attorney General they have confidence in. I believe every President has a right to their Cabinet, these are not lifetime appointments. You serve at the pleasure of the President.”	[]	['LindseyGrahamSC']		realDonaldTrump
9.0	0.1823	president, work, election, hard, give, obama, justice, foxandfriend, political, important	1007278825661784064	71195		https://twitter.com/realDonaldTrump/status/1007278825661784064	15925	1528988940	....Schneiderman, who ran the Clinton campaign in New York, never had the guts to bring this ridiculous case, which lingered in their office for almost 2 years. Now he resigned his office in disgrace, and his disciples brought it when we would not settle.	[]	[]		realDonaldTrump
9.0	0.1812	president, work, election, hard, give, obama, justice, foxandfriend, political, important	968818810005450752	87953		https://twitter.com/realDonaldTrump/status/968818810005450752	21236	1519819320	The Heritage Foundation has just stated that 64% of the Trump Agenda is already done, faster than even Ronald Reagan. “We’re blown away,” said Thomas Binion of Heritage, President Trump “is very active, very conservative and very effective. Huge volume & spectrum of issues.”	[]	[]		realDonaldTrump
10.0	0.2656	job, american, good, history, high, economy, number, record, low, administration	1006293144911085568	130759		https://twitter.com/realDonaldTrump/status/1006293144911085568	29122	1528753920	Stock Market up almost 40% since the Election, with 7 Trillion Dollars of U.S. value built throughout the economy. Lowest unemployment rate in many decades, with Black & Hispanic unemployment lowest in History, and Female unemployment lowest in 21 years. Highest confidence ever!	[]	[]		realDonaldTrump
10.0	0.2515	job, american, good, history, high, economy, number, record, low, administration	1107673256268623872	86332		https://twitter.com/realDonaldTrump/status/1107673256268623872	21197	1552924800	GDP growth during the four quarters of 2018 was the fastest since 2005. This Administration is the first on record to have experienced economic growth that meets or exceeds its own forecasts in each of its first two years in office. GROWTH is beating MARKET EXPECTATIONS!	[]	[]		realDonaldTrump
10.0	0.2409	job, american, good, history, high, economy, number, record, low, administration	1028275158342098944	144360		https://twitter.com/realDonaldTrump/status/1028275158342098944	33337	1533994860	I am proud to have fought for and secured the LOWEST African American and Hispanic unemployment rates in history. Now I’m pushing for prison reform to give people who have paid their debt to society a second chance. I will never stop fighting for ALL Americans!	[]	[]		realDonaldTrump
10.0	0.2377	job, american, good, history, high, economy, number, record, low, administration	1086607079308251136	114293		https://twitter.com/realDonaldTrump/status/1086607079308251136	25964	1547902260	The Economy is one of the best in our history, with unemployment at a 50 year low, and the Stock Market ready to again break a record (set by us many times) - & all you heard yesterday, based on a phony story, was Impeachment. You want to see a Stock Market Crash, Impeach Trump!	[]	[]		realDonaldTrump
10.0	0.2375	job, american, good, history, high, economy, number, record, low, administration	1111745178824511489	89605		https://twitter.com/realDonaldTrump/status/1111745178824511489	20283	1553895660	Had the Fed not mistakenly raised interest rates, especially since there is very little inflation, and had they not done the ridiculously timed quantitative tightening, the 3.0% GDP, & Stock Market, would have both been much higher & World Markets would be in a better place!	[]	[]		realDonaldTrump
10.0	0.2344	job, american, good, history, high, economy, number, record, low, administration	1079121410935660544	109495		https://twitter.com/realDonaldTrump/status/1079121410935660544	25078	1546117560	2018 is being called “THE YEAR OF THE WORKER” by Steve Moore, co-author of “Trumponomics.” It was indeed a great year for the American Worker with the “best job market in 50 years, and the lowest unemployment rate ever for blacks and Hispanics and all workers. Big wage gains.”	[]	[]		realDonaldTrump
10.0	0.2317	job, american, good, history, high, economy, number, record, low, administration	1037664539284844545	72529		https://twitter.com/realDonaldTrump/status/1037664539284844545	17546	1536233460	Cosumer confidence highest in 18 years, Atlanta Fed forecasts 4.7 GDP, manufacturing jobs highest in many years. “It’s the story of the Trump Administration, the Economic Success, that’s unnerving his detractors.”  @MariaBartiromo	[]	['MariaBartiromo']		realDonaldTrump
10.0	0.2254	job, american, good, history, high, economy, number, record, low, administration	1081717108176752640	82025		https://twitter.com/realDonaldTrump/status/1081717108176752640	17703	1546736400	“Jobs up big, plus 312,000. Record number working. Manufacturing best in 20 years (Previous administration said this could not happen). Hispanic unemployment lowest ever. Dow plus 747 (for day).”  @DRUDGE_REPORT	[]	['DRUDGE_REPORT']		realDonaldTrump
10.0	0.2254	job, american, good, history, high, economy, number, record, low, administration	1104714098724519936	135131		https://twitter.com/realDonaldTrump/status/1104714098724519936	30057	1552219320	Despite the most hostile and corrupt media in the history of American politics, the Trump Administration has accomplished more in its first two years than any other Administration. Judges, biggest Tax & Regulation Cuts, V.A. Choice, Best Economy, Lowest Unemployment & much more!	[]	[]		realDonaldTrump
10.0	0.2251	job, american, good, history, high, economy, number, record, low, administration	1084936400212963329	87446		https://twitter.com/realDonaldTrump/status/1084936400212963329	17102	1547503920	Spoke w/ President Erdogan of Turkey to advise where we stand on all matters including our last two weeks of success in fighting the remnants of ISIS, and 20 mile safe zone. Also spoke about economic development between the U.S. & Turkey - great potential to substantially expand!	[]	[]		realDonaldTrump
